-- phpMyAdmin SQL Dump
-- version 5.2.1
-- https://www.phpmyadmin.net/
--
-- Host: 127.0.0.1:3306
-- Generation Time: Dec 13, 2024 at 01:14 PM
-- Server version: 10.11.10-MariaDB
-- PHP Version: 7.2.34

SET SQL_MODE = "NO_AUTO_VALUE_ON_ZERO";
START TRANSACTION;
SET time_zone = "+00:00";


/*!40101 SET @OLD_CHARACTER_SET_CLIENT=@@CHARACTER_SET_CLIENT */;
/*!40101 SET @OLD_CHARACTER_SET_RESULTS=@@CHARACTER_SET_RESULTS */;
/*!40101 SET @OLD_COLLATION_CONNECTION=@@COLLATION_CONNECTION */;
/*!40101 SET NAMES utf8mb4 */;

--
-- Database: `u837632529_ujian`
--

-- --------------------------------------------------------

--
-- Table structure for table `answers`
--

CREATE TABLE `answers` (
  `id` int(11) NOT NULL,
  `result_id` int(11) NOT NULL,
  `question_id` int(11) NOT NULL,
  `user_answer` varchar(255) DEFAULT NULL,
  `answer` text NOT NULL,
  `is_correct` tinyint(1) NOT NULL
) ENGINE=InnoDB DEFAULT CHARSET=utf8mb4 COLLATE=utf8mb4_general_ci;

--
-- Dumping data for table `answers`
--

INSERT INTO `answers` (`id`, `result_id`, `question_id`, `user_answer`, `answer`, `is_correct`) VALUES
(384, 112, 80, 'c', 'c', 1),
(385, 112, 76, 'd', 'b', 0),
(386, 112, 51, 'b', 'b', 1),
(387, 112, 82, 'b', 'b', 1),
(388, 112, 65, 'a', 'a', 1),
(389, 112, 77, 'b', 'a', 0),
(390, 112, 75, 'c', 'b', 0),
(391, 112, 48, 'b', 'b', 1),
(392, 112, 50, 'a', 'a', 1),
(393, 112, 94, 'c', 'a', 0),
(394, 112, 54, 'a', 'b', 0),
(395, 112, 63, 'b', 'b', 1),
(396, 112, 64, 'a', 'a', 1),
(397, 112, 45, 'c', 'b', 0),
(398, 112, 58, 'b', 'a', 0),
(399, 112, 46, 'a', 'c', 0),
(400, 112, 66, 'b', 'b', 1),
(401, 112, 56, 'a', 'b', 0),
(402, 112, 59, 'c', 'c', 1),
(403, 112, 83, 'b', 'b', 1),
(404, 112, 86, 'b', 'a', 0),
(405, 112, 52, 'b', 'b', 1),
(406, 112, 90, 'a', 'a', 1),
(407, 112, 53, 'b', 'b', 1),
(408, 112, 47, 'b', 'b', 1),
(409, 113, 49, 'c', 'b', 0),
(410, 113, 56, 'b', 'b', 1),
(411, 113, 94, 'a', 'a', 1),
(412, 113, 59, 'b', 'c', 0),
(413, 113, 62, 'd', 'b', 0),
(414, 113, 72, 'a', 'a', 1),
(415, 113, 79, 'b', 'b', 1),
(416, 113, 66, 'b', 'b', 1),
(417, 113, 91, 'b', 'b', 1),
(418, 113, 52, 'b', 'b', 1),
(419, 113, 86, 'a', 'a', 1),
(420, 113, 70, 'd', 'b', 0),
(421, 113, 55, 'a', 'b', 0),
(422, 113, 60, 'a', 'c', 0),
(423, 113, 45, 'b', 'b', 1),
(424, 113, 53, 'd', 'b', 0),
(425, 113, 51, 'a', 'b', 0),
(426, 113, 73, 'c', 'a', 0),
(427, 113, 54, 'd', 'b', 0),
(428, 113, 50, 'd', 'a', 0),
(429, 113, 46, 'c', 'c', 1),
(430, 113, 82, 'a', 'b', 0),
(431, 113, 65, 'a', 'a', 1),
(432, 113, 67, 'a', 'b', 0),
(433, 113, 84, 'b', 'a', 0),
(434, 114, 83, 'b', 'b', 1),
(435, 114, 52, 'b', 'b', 1),
(436, 114, 50, 'a', 'a', 1),
(437, 114, 63, 'b', 'b', 1),
(438, 114, 49, 'b', 'b', 1),
(439, 114, 54, 'a', 'b', 0),
(440, 114, 80, 'c', 'c', 1),
(441, 114, 46, 'c', 'c', 1),
(442, 114, 45, 'b', 'b', 1),
(443, 114, 62, 'b', 'b', 1),
(444, 114, 53, 'b', 'b', 1),
(445, 114, 47, 'b', 'b', 1),
(446, 114, 56, 'b', 'b', 1),
(447, 114, 82, 'b', 'b', 1),
(448, 114, 71, 'b', 'b', 1),
(449, 114, 64, 'a', 'a', 1),
(450, 114, 90, 'a', 'a', 1),
(451, 114, 72, 'a', 'a', 1),
(452, 114, 78, 'b', 'b', 1),
(453, 114, 86, 'a', 'a', 1),
(454, 114, 93, 'b', 'b', 1),
(455, 114, 68, 'b', 'b', 1),
(456, 114, 59, 'c', 'c', 1),
(457, 114, 55, 'c', 'b', 0),
(458, 114, 60, 'c', 'c', 1),
(459, 115, 59, 'c', 'c', 1),
(460, 115, 88, 'b', 'b', 1),
(461, 115, 92, 'd', 'a', 0),
(462, 115, 55, 'b', 'b', 1),
(463, 115, 77, 'b', 'a', 0),
(464, 115, 48, 'b', 'b', 1),
(465, 115, 81, 'c', 'c', 1),
(466, 115, 50, 'a', 'a', 1),
(467, 115, 53, 'b', 'b', 1),
(468, 115, 71, 'b', 'b', 1),
(469, 115, 60, 'b', 'c', 0),
(470, 115, 52, 'b', 'b', 1),
(471, 115, 83, 'b', 'b', 1),
(472, 115, 57, 'c', 'c', 1),
(473, 115, 68, 'c', 'b', 0),
(474, 115, 49, 'b', 'b', 1),
(475, 115, 46, 'c', 'c', 1),
(476, 115, 54, 'a', 'b', 0),
(477, 115, 47, 'b', 'b', 1),
(478, 115, 56, 'b', 'b', 1),
(479, 115, 74, 'd', 'b', 0),
(480, 115, 72, 'a', 'a', 1),
(481, 115, 65, 'a', 'a', 1),
(482, 115, 84, 'a', 'a', 1),
(483, 115, 61, 'b', 'b', 1),
(484, 116, 50, 'a', 'a', 1),
(485, 116, 52, 'b', 'b', 1),
(486, 116, 85, 'b', 'b', 1),
(487, 116, 51, 'b', 'b', 1),
(488, 116, 63, 'b', 'b', 1),
(489, 116, 90, 'a', 'a', 1),
(490, 116, 65, 'a', 'a', 1),
(491, 116, 48, 'b', 'b', 1),
(492, 116, 67, 'a', 'b', 0),
(493, 116, 59, 'c', 'c', 1),
(494, 116, 72, 'b', 'a', 0),
(495, 116, 81, 'b', 'c', 0),
(496, 116, 56, 'c', 'b', 0),
(497, 116, 53, 'b', 'b', 1),
(498, 116, 45, 'b', 'b', 1),
(499, 116, 94, 'a', 'a', 1),
(500, 116, 47, 'b', 'b', 1),
(501, 116, 46, 'c', 'c', 1),
(502, 116, 80, 'b', 'c', 0),
(503, 116, 58, 'a', 'a', 1),
(504, 116, 57, 'a', 'c', 0),
(505, 116, 69, 'b', 'b', 1),
(506, 116, 87, 'b', 'b', 1),
(507, 116, 76, 'a', 'b', 0),
(508, 116, 54, 'a', 'b', 0),
(509, 117, 53, 'b', 'b', 1),
(510, 117, 45, 'b', 'b', 1),
(511, 117, 68, 'b', 'b', 1),
(512, 117, 93, 'd', 'b', 0),
(513, 117, 47, 'a', 'b', 0),
(514, 117, 82, 'b', 'b', 1),
(515, 117, 49, 'a', 'b', 0),
(516, 117, 51, 'b', 'b', 1),
(517, 117, 50, 'c', 'a', 0),
(518, 117, 64, 'a', 'a', 1),
(519, 117, 65, 'a', 'a', 1),
(520, 117, 52, 'b', 'b', 1),
(521, 117, 89, 'c', 'b', 0),
(522, 117, 66, 'b', 'b', 1),
(523, 117, 57, 'a', 'c', 0),
(524, 117, 48, 'c', 'b', 0),
(525, 117, 70, 'b', 'b', 1),
(526, 117, 83, 'b', 'b', 1),
(527, 117, 85, 'd', 'b', 0),
(528, 117, 77, 'b', 'a', 0),
(529, 117, 46, 'c', 'c', 1),
(530, 117, 71, 'b', 'b', 1),
(531, 117, 74, 'c', 'b', 0),
(532, 117, 55, 'd', 'b', 0),
(533, 117, 60, 'b', 'c', 0),
(534, 118, 52, 'b', 'b', 1),
(535, 118, 82, 'd', 'b', 0),
(536, 118, 63, 'a', 'b', 0),
(537, 118, 57, 'c', 'c', 1),
(538, 118, 48, 'b', 'b', 1),
(539, 118, 50, 'a', 'a', 1),
(540, 118, 68, 'b', 'b', 1),
(541, 118, 45, 'b', 'b', 1),
(542, 118, 61, 'b', 'b', 1),
(543, 118, 87, 'b', 'b', 1),
(544, 118, 80, 'a', 'c', 0),
(545, 118, 86, 'b', 'a', 0),
(546, 118, 79, 'b', 'b', 1),
(547, 118, 56, 'a', 'b', 0),
(548, 118, 71, 'b', 'b', 1),
(549, 118, 62, 'b', 'b', 1),
(550, 118, 47, 'b', 'b', 1),
(551, 118, 91, 'b', 'b', 1),
(552, 118, 53, 'b', 'b', 1),
(553, 118, 92, 'a', 'a', 1),
(554, 118, 46, 'c', 'c', 1),
(555, 118, 69, 'b', 'b', 1),
(556, 118, 65, 'a', 'a', 1),
(557, 118, 54, 'b', 'b', 1),
(558, 118, 51, 'b', 'b', 1),
(559, 119, 47, 'b', 'b', 1),
(560, 119, 78, 'b', 'b', 1),
(561, 119, 74, 'b', 'b', 1),
(562, 119, 67, 'b', 'b', 1),
(563, 119, 56, 'b', 'b', 1),
(564, 119, 48, 'b', 'b', 1),
(565, 119, 45, 'b', 'b', 1),
(566, 119, 91, 'b', 'b', 1),
(567, 119, 72, 'a', 'a', 1),
(568, 119, 81, 'c', 'c', 1),
(569, 119, 46, 'c', 'c', 1),
(570, 119, 60, 'c', 'c', 1),
(571, 119, 94, 'a', 'a', 1),
(572, 119, 83, 'b', 'b', 1),
(573, 119, 59, 'b', 'c', 0),
(574, 119, 85, 'a', 'b', 0),
(575, 119, 50, 'c', 'a', 0),
(576, 119, 62, 'b', 'b', 1),
(577, 119, 58, 'a', 'a', 1),
(578, 119, 54, 'b', 'b', 1),
(579, 119, 53, 'b', 'b', 1),
(580, 119, 61, 'b', 'b', 1),
(581, 119, 52, 'b', 'b', 1),
(582, 119, 51, 'b', 'b', 1),
(583, 119, 71, 'b', 'b', 1),
(584, 120, 46, 'c', 'c', 1),
(585, 120, 67, 'b', 'b', 1),
(586, 120, 91, 'b', 'b', 1),
(587, 120, 66, 'b', 'b', 1),
(588, 120, 94, 'a', 'a', 1),
(589, 120, 87, 'b', 'b', 1),
(590, 120, 81, 'c', 'c', 1),
(591, 120, 86, 'a', 'a', 1),
(592, 120, 61, 'd', 'b', 0),
(593, 120, 54, 'd', 'b', 0),
(594, 120, 53, 'd', 'b', 0),
(595, 120, 49, 'a', 'b', 0),
(596, 120, 78, 'a', 'b', 0),
(597, 120, 51, 'a', 'b', 0),
(598, 120, 76, 'b', 'b', 1),
(599, 120, 48, 'b', 'b', 1),
(600, 120, 55, 'a', 'b', 0),
(601, 120, 47, 'b', 'b', 1),
(602, 120, 45, 'b', 'b', 1),
(603, 120, 70, 'b', 'b', 1),
(604, 120, 77, 'b', 'a', 0),
(605, 120, 60, 'a', 'c', 0),
(606, 120, 52, 'b', 'b', 1),
(607, 120, 63, 'd', 'b', 0),
(608, 120, 68, 'a', 'b', 0),
(609, 121, 51, 'b', 'b', 1),
(610, 121, 55, 'a', 'b', 0),
(611, 121, 63, 'b', 'b', 1),
(612, 121, 87, 'c', 'b', 0),
(613, 121, 59, 'c', 'c', 1),
(614, 121, 81, 'c', 'c', 1),
(615, 121, 62, 'b', 'b', 1),
(616, 121, 45, 'b', 'b', 1),
(617, 121, 94, 'a', 'a', 1),
(618, 121, 48, 'c', 'b', 0),
(619, 121, 84, 'a', 'a', 1),
(620, 121, 72, 'a', 'a', 1),
(621, 121, 60, 'c', 'c', 1),
(622, 121, 67, 'b', 'b', 1),
(623, 121, 47, 'd', 'b', 0),
(624, 121, 66, 'b', 'b', 1),
(625, 121, 77, 'a', 'a', 1),
(626, 121, 78, 'b', 'b', 1),
(627, 121, 46, 'c', 'c', 1),
(628, 121, 52, 'c', 'b', 0),
(629, 121, 90, 'a', 'a', 1),
(630, 121, 50, 'a', 'a', 1),
(631, 121, 71, 'b', 'b', 1),
(632, 121, 56, 'b', 'b', 1),
(633, 121, 53, 'b', 'b', 1),
(634, 122, 52, 'b', 'b', 1),
(635, 122, 50, 'c', 'a', 0),
(636, 122, 48, 'b', 'b', 1),
(637, 122, 65, 'a', 'a', 1),
(638, 122, 71, 'b', 'b', 1),
(639, 122, 51, 'b', 'b', 1),
(640, 122, 59, 'c', 'c', 1),
(641, 122, 70, 'b', 'b', 1),
(642, 122, 94, 'a', 'a', 1),
(643, 122, 69, 'b', 'b', 1),
(644, 122, 55, 'b', 'b', 1),
(645, 122, 63, 'b', 'b', 1),
(646, 122, 60, 'c', 'c', 1),
(647, 122, 88, 'b', 'b', 1),
(648, 122, 53, 'b', 'b', 1),
(649, 122, 61, 'b', 'b', 1),
(650, 122, 86, 'a', 'a', 1),
(651, 122, 56, 'b', 'b', 1),
(652, 122, 85, 'a', 'b', 0),
(653, 122, 49, 'b', 'b', 1),
(654, 122, 81, 'c', 'c', 1),
(655, 122, 73, 'a', 'a', 1),
(656, 122, 54, 'b', 'b', 1),
(657, 122, 68, 'b', 'b', 1),
(658, 122, 46, 'c', 'c', 1),
(659, 123, 94, 'a', 'a', 1),
(660, 123, 75, 'b', 'b', 1),
(661, 123, 83, 'b', 'b', 1),
(662, 123, 58, 'a', 'a', 1),
(663, 123, 64, 'a', 'a', 1),
(664, 123, 49, 'b', 'b', 1),
(665, 123, 47, 'b', 'b', 1),
(666, 123, 59, 'c', 'c', 1),
(667, 123, 60, 'c', 'c', 1),
(668, 123, 55, 'b', 'b', 1),
(669, 123, 46, 'c', 'c', 1),
(670, 123, 54, 'b', 'b', 1),
(671, 123, 86, 'a', 'a', 1),
(672, 123, 67, 'a', 'b', 0),
(673, 123, 50, 'c', 'a', 0),
(674, 123, 73, 'a', 'a', 1),
(675, 123, 72, 'b', 'a', 0),
(676, 123, 52, 'b', 'b', 1),
(677, 123, 61, 'b', 'b', 1),
(678, 123, 53, 'b', 'b', 1),
(679, 123, 91, 'c', 'b', 0),
(680, 123, 85, 'a', 'b', 0),
(681, 123, 51, NULL, 'b', 0),
(682, 123, 78, 'b', 'b', 1),
(683, 123, 48, 'b', 'b', 1),
(709, 125, 47, 'b', 'b', 1),
(710, 125, 78, 'b', 'b', 1),
(711, 125, 70, 'b', 'b', 1),
(712, 125, 57, 'a', 'c', 0),
(713, 125, 83, 'b', 'b', 1),
(714, 125, 52, 'b', 'b', 1),
(715, 125, 51, 'b', 'b', 1),
(716, 125, 79, 'b', 'b', 1),
(717, 125, 67, 'b', 'b', 1),
(718, 125, 56, 'b', 'b', 1),
(719, 125, 65, 'a', 'a', 1),
(720, 125, 89, 'b', 'b', 1),
(721, 125, 86, 'a', 'a', 1),
(722, 125, 62, 'b', 'b', 1),
(723, 125, 50, 'a', 'a', 1),
(724, 125, 45, 'b', 'b', 1),
(725, 125, 48, 'b', 'b', 1),
(726, 125, 82, 'b', 'b', 1),
(727, 125, 54, 'b', 'b', 1),
(728, 125, 55, 'b', 'b', 1),
(729, 125, 53, 'b', 'b', 1),
(730, 125, 94, 'a', 'a', 1),
(731, 125, 73, 'a', 'a', 1),
(732, 125, 64, 'a', 'a', 1),
(733, 125, 68, 'b', 'b', 1),
(734, 126, 89, 'b', 'b', 1),
(735, 126, 48, 'b', 'b', 1),
(736, 126, 47, 'b', 'b', 1),
(737, 126, 62, 'b', 'b', 1),
(738, 126, 59, 'c', 'c', 1),
(739, 126, 49, 'b', 'b', 1),
(740, 126, 50, 'a', 'a', 1),
(741, 126, 86, 'b', 'a', 0),
(742, 126, 56, 'b', 'b', 1),
(743, 126, 68, 'b', 'b', 1),
(744, 126, 82, 'b', 'b', 1),
(745, 126, 94, 'a', 'a', 1),
(746, 126, 53, 'b', 'b', 1),
(747, 126, 46, 'c', 'c', 1),
(748, 126, 61, 'b', 'b', 1),
(749, 126, 70, 'b', 'b', 1),
(750, 126, 52, 'b', 'b', 1),
(751, 126, 63, 'a', 'b', 0),
(752, 126, 65, 'a', 'a', 1),
(753, 126, 83, 'b', 'b', 1),
(754, 126, 55, 'a', 'b', 0),
(755, 126, 78, 'b', 'b', 1),
(756, 126, 71, 'c', 'b', 0),
(757, 126, 72, 'a', 'a', 1),
(758, 126, 54, 'b', 'b', 1),
(809, 129, 57, 'c', 'c', 1),
(810, 129, 94, 'a', 'a', 1),
(811, 129, 58, 'c', 'a', 0),
(812, 129, 59, 'b', 'c', 0),
(813, 129, 81, 'c', 'c', 1),
(814, 129, 73, 'd', 'a', 0),
(815, 129, 45, 'b', 'b', 1),
(816, 129, 83, 'b', 'b', 1),
(817, 129, 56, 'b', 'b', 1),
(818, 129, 55, 'a', 'b', 0),
(819, 129, 47, 'c', 'b', 0),
(820, 129, 72, 'a', 'a', 1),
(821, 129, 79, 'b', 'b', 1),
(822, 129, 67, 'b', 'b', 1),
(823, 129, 51, 'b', 'b', 1),
(824, 129, 84, 'b', 'a', 0),
(825, 129, 77, 'a', 'a', 1),
(826, 129, 52, 'b', 'b', 1),
(827, 129, 64, 'a', 'a', 1),
(828, 129, 65, 'd', 'a', 0),
(829, 129, 50, 'a', 'a', 1),
(830, 129, 49, 'b', 'b', 1),
(831, 129, 46, 'c', 'c', 1),
(832, 129, 53, 'b', 'b', 1),
(833, 129, 89, 'b', 'b', 1),
(876, 132, 66, 'a', 'b', 0),
(877, 132, 50, 'a', 'a', 1),
(878, 132, 45, 'b', 'b', 1),
(879, 132, 71, 'c', 'b', 0),
(880, 132, 77, 'd', 'a', 0),
(881, 132, 48, 'd', 'b', 0),
(882, 132, 58, 'c', 'a', 0),
(883, 132, 83, 'd', 'b', 0),
(884, 132, 46, 'c', 'c', 1),
(885, 132, 89, 'c', 'b', 0),
(886, 132, 93, 'c', 'b', 0),
(887, 132, 82, 'a', 'b', 0),
(888, 132, 79, 'b', 'b', 1),
(889, 132, 54, 'b', 'b', 1),
(890, 132, 65, 'a', 'a', 1),
(891, 132, 61, 'b', 'b', 1),
(892, 132, 81, 'a', 'c', 0),
(893, 132, 52, 'b', 'b', 1),
(894, 132, 73, 'a', 'a', 1),
(895, 132, 53, 'b', 'b', 1),
(896, 132, 55, 'c', 'b', 0),
(897, 132, 59, 'c', 'c', 1),
(898, 132, 68, 'b', 'b', 1),
(899, 132, 56, 'b', 'b', 1),
(900, 132, 51, 'b', 'b', 1),
(918, 134, 52, 'b', 'b', 1),
(919, 134, 70, 'b', 'b', 1),
(920, 134, 50, 'd', 'a', 0),
(921, 134, 56, 'a', 'b', 0),
(922, 134, 53, 'c', 'b', 0),
(923, 134, 80, 'b', 'c', 0),
(924, 134, 68, 'a', 'b', 0),
(925, 134, 62, 'd', 'b', 0),
(926, 134, 51, 'c', 'b', 0),
(927, 134, 55, 'c', 'b', 0),
(928, 134, 83, 'b', 'b', 1),
(929, 134, 65, 'a', 'a', 1),
(930, 134, 57, 'c', 'c', 1),
(931, 134, 94, 'a', 'a', 1),
(932, 134, 74, 'c', 'b', 0),
(933, 134, 49, 'c', 'b', 0),
(934, 134, 89, 'a', 'b', 0),
(935, 134, 77, 'a', 'a', 1),
(936, 134, 81, 'c', 'c', 1),
(937, 134, 87, 'c', 'b', 0),
(938, 134, 47, 'd', 'b', 0),
(939, 134, 61, 'd', 'b', 0),
(940, 134, 48, 'c', 'b', 0),
(941, 134, 60, 'b', 'c', 0),
(942, 134, 46, 'c', 'c', 1),
(943, 135, 60, 'b', 'c', 0),
(944, 135, 51, 'b', 'b', 1),
(945, 135, 78, 'b', 'b', 1),
(946, 135, 47, 'b', 'b', 1),
(947, 135, 56, 'a', 'b', 0),
(948, 135, 66, 'b', 'b', 1),
(949, 135, 48, 'b', 'b', 1),
(950, 135, 86, 'a', 'a', 1),
(951, 135, 76, 'b', 'b', 1),
(952, 135, 57, 'c', 'c', 1),
(953, 135, 82, 'a', 'b', 0),
(954, 135, 65, 'a', 'a', 1),
(955, 135, 59, 'c', 'c', 1),
(956, 135, 89, 'b', 'b', 1),
(957, 135, 53, 'b', 'b', 1),
(958, 135, 79, 'b', 'b', 1),
(959, 135, 55, 'a', 'b', 0),
(960, 135, 84, 'a', 'a', 1),
(961, 135, 58, 'a', 'a', 1),
(962, 135, 50, 'a', 'a', 1),
(963, 135, 45, 'b', 'b', 1),
(964, 135, 54, 'b', 'b', 1),
(965, 135, 80, 'a', 'c', 0),
(966, 135, 92, 'a', 'a', 1),
(967, 135, 49, 'a', 'b', 0),
(969, 137, 78, 'b', 'b', 1),
(970, 137, 49, 'b', 'b', 1),
(971, 137, 47, 'b', 'b', 1),
(972, 137, 50, 'd', 'a', 0),
(973, 137, 48, 'c', 'b', 0),
(974, 137, 74, 'b', 'b', 1),
(975, 137, 62, 'd', 'b', 0),
(976, 137, 81, 'c', 'c', 1),
(977, 137, 89, 'b', 'b', 1),
(978, 137, 46, 'a', 'c', 0),
(979, 137, 67, 'a', 'b', 0),
(980, 137, 65, 'a', 'a', 1),
(981, 137, 52, 'b', 'b', 1),
(982, 137, 61, 'd', 'b', 0),
(983, 137, 51, 'b', 'b', 1),
(984, 137, 53, 'b', 'b', 1),
(985, 137, 58, 'a', 'a', 1),
(986, 137, 54, 'a', 'b', 0),
(987, 137, 82, 'a', 'b', 0),
(988, 137, 73, 'a', 'a', 1),
(989, 137, 60, 'c', 'c', 1),
(990, 137, 94, 'a', 'a', 1),
(991, 137, 83, 'b', 'b', 1),
(992, 137, 56, 'b', 'b', 1),
(993, 137, 76, 'd', 'b', 0),
(994, 138, 52, 'a', 'b', 0),
(995, 138, 81, 'b', 'c', 0),
(996, 138, 57, 'a', 'c', 0),
(997, 138, 46, 'c', 'c', 1),
(998, 138, 56, 'a', 'b', 0),
(999, 138, 59, 'c', 'c', 1),
(1000, 138, 86, 'b', 'a', 0),
(1001, 138, 61, 'a', 'b', 0),
(1002, 138, 75, 'd', 'b', 0),
(1003, 138, 54, 'b', 'b', 1),
(1004, 138, 65, 'a', 'a', 1),
(1005, 138, 90, 'a', 'a', 1),
(1006, 138, 45, 'b', 'b', 1),
(1007, 138, 63, 'a', 'b', 0),
(1008, 138, 73, 'b', 'a', 0),
(1009, 138, 62, 'd', 'b', 0),
(1010, 138, 93, 'b', 'b', 1),
(1011, 138, 72, 'a', 'a', 1),
(1012, 138, 50, 'd', 'a', 0),
(1013, 138, 51, 'b', 'b', 1),
(1014, 138, 78, 'b', 'b', 1),
(1015, 138, 48, 'b', 'b', 1),
(1016, 138, 47, 'b', 'b', 1),
(1017, 138, 85, 'b', 'b', 1),
(1018, 138, 49, 'b', 'b', 1),
(1019, 139, 75, 'a', 'b', 0),
(1020, 139, 52, 'b', 'b', 1),
(1021, 139, 48, 'b', 'b', 1),
(1022, 139, 59, 'c', 'c', 1),
(1023, 139, 73, 'a', 'a', 1),
(1024, 139, 91, 'b', 'b', 1),
(1025, 139, 79, 'b', 'b', 1),
(1026, 139, 54, 'b', 'b', 1),
(1027, 139, 46, 'c', 'c', 1),
(1028, 139, 60, 'a', 'c', 0),
(1029, 139, 47, 'b', 'b', 1),
(1030, 139, 50, 'a', 'a', 1),
(1031, 139, 81, 'c', 'c', 1),
(1032, 139, 56, 'a', 'b', 0),
(1033, 139, 61, 'b', 'b', 1),
(1034, 139, 49, 'c', 'b', 0),
(1035, 139, 71, 'b', 'b', 1),
(1036, 139, 51, 'c', 'b', 0),
(1037, 139, 55, 'a', 'b', 0),
(1038, 139, 58, 'a', 'a', 1),
(1039, 139, 92, 'a', 'a', 1),
(1040, 139, 63, 'a', 'b', 0),
(1041, 139, 87, 'c', 'b', 0),
(1042, 139, 85, 'b', 'b', 1),
(1043, 139, 65, 'd', 'a', 0),
(1044, 140, 56, 'a', 'b', 0),
(1045, 140, 64, 'a', 'a', 1),
(1046, 140, 71, 'b', 'b', 1),
(1047, 140, 50, 'a', 'a', 1),
(1048, 140, 53, 'b', 'b', 1),
(1049, 140, 89, 'b', 'b', 1),
(1050, 140, 78, 'b', 'b', 1),
(1051, 140, 46, 'c', 'c', 1),
(1052, 140, 54, 'b', 'b', 1),
(1053, 140, 84, 'b', 'a', 0),
(1054, 140, 92, 'a', 'a', 1),
(1055, 140, 63, 'b', 'b', 1),
(1056, 140, 48, 'c', 'b', 0),
(1057, 140, 86, 'a', 'a', 1),
(1058, 140, 79, 'd', 'b', 0),
(1059, 140, 52, 'b', 'b', 1),
(1060, 140, 69, 'c', 'b', 0),
(1061, 140, 51, 'b', 'b', 1),
(1062, 140, 60, 'b', 'c', 0),
(1063, 140, 45, 'b', 'b', 1),
(1064, 140, 57, 'a', 'c', 0),
(1065, 140, 49, 'c', 'b', 0),
(1066, 140, 68, 'b', 'b', 1),
(1067, 140, 65, 'a', 'a', 1),
(1068, 140, 83, 'c', 'b', 0),
(1069, 141, 89, 'b', 'b', 1),
(1070, 141, 45, 'a', 'b', 0),
(1071, 141, 48, 'c', 'b', 0),
(1072, 141, 46, 'b', 'c', 0),
(1073, 141, 64, 'b', 'a', 0),
(1074, 141, 52, 'b', 'b', 1),
(1075, 141, 65, 'd', 'a', 0),
(1076, 141, 47, 'a', 'b', 0),
(1077, 141, 56, 'd', 'b', 0),
(1078, 141, 53, 'b', 'b', 1),
(1079, 141, 79, 'b', 'b', 1),
(1080, 141, 70, 'b', 'b', 1),
(1081, 141, 85, 'd', 'b', 0),
(1082, 141, 81, 'b', 'c', 0),
(1083, 141, 50, 'a', 'a', 1),
(1084, 141, 67, 'd', 'b', 0),
(1085, 141, 49, 'd', 'b', 0),
(1086, 141, 58, 'a', 'a', 1),
(1087, 141, 77, 'b', 'a', 0),
(1088, 141, 59, 'b', 'c', 0),
(1089, 141, 55, 'c', 'b', 0),
(1090, 141, 87, 'c', 'b', 0),
(1091, 141, 63, 'b', 'b', 1),
(1092, 141, 71, 'a', 'b', 0),
(1093, 141, 94, 'a', 'a', 1),
(1094, 142, 50, 'c', 'a', 0),
(1095, 142, 56, 'a', 'b', 0),
(1096, 142, 66, 'b', 'b', 1),
(1097, 142, 65, 'a', 'a', 1),
(1098, 142, 71, 'c', 'b', 0),
(1099, 142, 54, 'b', 'b', 1),
(1100, 142, 53, 'b', 'b', 1),
(1101, 142, 55, 'a', 'b', 0),
(1102, 142, 46, 'a', 'c', 0),
(1103, 142, 52, 'a', 'b', 0),
(1104, 142, 60, 'b', 'c', 0),
(1105, 142, 81, 'b', 'c', 0),
(1106, 142, 72, 'a', 'a', 1),
(1107, 142, 94, 'a', 'a', 1),
(1108, 142, 48, 'c', 'b', 0),
(1109, 142, 67, 'c', 'b', 0),
(1110, 142, 49, 'c', 'b', 0),
(1111, 142, 73, 'b', 'a', 0),
(1112, 142, 63, 'b', 'b', 1),
(1113, 142, 75, 'a', 'b', 0),
(1114, 142, 61, 'b', 'b', 1),
(1115, 142, 45, 'b', 'b', 1),
(1116, 142, 82, 'b', 'b', 1),
(1117, 142, 89, 'd', 'b', 0),
(1118, 142, 83, 'c', 'b', 0),
(1144, 144, 94, 'a', 'a', 1),
(1145, 144, 67, 'a', 'b', 0),
(1146, 144, 56, 'd', 'b', 0),
(1147, 144, 49, 'b', 'b', 1),
(1148, 144, 84, 'a', 'a', 1),
(1149, 144, 50, 'd', 'a', 0),
(1150, 144, 69, 'b', 'b', 1),
(1151, 144, 76, 'a', 'b', 0),
(1152, 144, 59, 'c', 'c', 1),
(1153, 144, 55, 'b', 'b', 1),
(1154, 144, 82, 'd', 'b', 0),
(1155, 144, 77, 'b', 'a', 0),
(1156, 144, 53, 'b', 'b', 1),
(1157, 144, 58, 'a', 'a', 1),
(1158, 144, 90, 'c', 'a', 0),
(1159, 144, 66, 'b', 'b', 1),
(1160, 144, 48, 'b', 'b', 1),
(1161, 144, 68, 'b', 'b', 1),
(1162, 144, 52, 'b', 'b', 1),
(1163, 144, 72, 'a', 'a', 1),
(1164, 144, 51, 'b', 'b', 1),
(1165, 144, 54, 'b', 'b', 1),
(1166, 144, 60, 'b', 'c', 0),
(1167, 144, 86, 'a', 'a', 1),
(1168, 144, 47, 'b', 'b', 1),
(1169, 145, 51, 'b', 'b', 1),
(1170, 145, 49, 'a', 'b', 0),
(1171, 145, 50, 'a', 'a', 1),
(1172, 145, 46, 'a', 'c', 0),
(1173, 145, 62, 'b', 'b', 1),
(1174, 145, 47, 'b', 'b', 1),
(1175, 145, 58, 'a', 'a', 1),
(1176, 145, 72, 'a', 'a', 1),
(1177, 145, 74, 'b', 'b', 1),
(1178, 145, 56, 'a', 'b', 0),
(1179, 145, 54, 'b', 'b', 1),
(1180, 145, 81, 'b', 'c', 0),
(1181, 145, 57, 'c', 'c', 1),
(1182, 145, 64, 'a', 'a', 1),
(1183, 145, 87, 'c', 'b', 0),
(1184, 145, 75, 'b', 'b', 1),
(1185, 145, 89, 'b', 'b', 1),
(1186, 145, 55, 'a', 'b', 0),
(1187, 145, 94, 'b', 'a', 0),
(1188, 145, 70, 'b', 'b', 1),
(1189, 145, 84, 'b', 'a', 0),
(1190, 145, 52, 'b', 'b', 1),
(1191, 145, 53, 'b', 'b', 1),
(1192, 145, 63, 'b', 'b', 1),
(1193, 145, 59, 'b', 'c', 0),
(1194, 146, 50, 'a', 'a', 1),
(1195, 146, 64, 'b', 'a', 0),
(1196, 146, 51, 'b', 'b', 1),
(1197, 146, 60, 'c', 'c', 1),
(1198, 146, 46, 'a', 'c', 0),
(1199, 146, 77, 'd', 'a', 0),
(1200, 146, 73, 'b', 'a', 0),
(1201, 146, 48, 'd', 'b', 0),
(1202, 146, 82, 'a', 'b', 0),
(1203, 146, 58, 'a', 'a', 1),
(1204, 146, 68, 'b', 'b', 1),
(1205, 146, 93, 'd', 'b', 0),
(1206, 146, 55, 'b', 'b', 1),
(1207, 146, 56, 'a', 'b', 0),
(1208, 146, 84, 'b', 'a', 0),
(1209, 146, 88, 'c', 'b', 0),
(1210, 146, 83, 'b', 'b', 1),
(1211, 146, 80, 'b', 'c', 0),
(1212, 146, 52, 'b', 'b', 1),
(1213, 146, 47, 'b', 'b', 1),
(1214, 146, 54, 'a', 'b', 0),
(1215, 146, 57, 'c', 'c', 1),
(1216, 146, 63, 'd', 'b', 0),
(1217, 146, 70, 'b', 'b', 1),
(1218, 146, 49, 'a', 'b', 0),
(1219, 147, 66, 'b', 'b', 1),
(1220, 147, 62, 'b', 'b', 1),
(1221, 147, 93, 'b', 'b', 1),
(1222, 147, 80, 'a', 'c', 0),
(1223, 147, 52, 'c', 'b', 0),
(1224, 147, 48, 'b', 'b', 1),
(1225, 147, 53, 'b', 'b', 1),
(1226, 147, 70, 'a', 'b', 0),
(1227, 147, 50, 'a', 'a', 1),
(1228, 147, 54, 'b', 'b', 1),
(1229, 147, 47, 'b', 'b', 1),
(1230, 147, 87, 'c', 'b', 0),
(1231, 147, 89, 'b', 'b', 1),
(1232, 147, 82, 'a', 'b', 0),
(1233, 147, 79, 'b', 'b', 1),
(1234, 147, 55, 'b', 'b', 1),
(1235, 147, 49, 'b', 'b', 1),
(1236, 147, 67, 'b', 'b', 1),
(1237, 147, 51, 'b', 'b', 1),
(1238, 147, 68, 'b', 'b', 1),
(1239, 147, 86, 'a', 'a', 1),
(1240, 147, 57, 'c', 'c', 1),
(1241, 147, 77, 'a', 'a', 1),
(1242, 147, 64, 'a', 'a', 1),
(1243, 147, 56, 'b', 'b', 1),
(1244, 148, 52, 'b', 'b', 1),
(1245, 148, 92, 'a', 'a', 1),
(1246, 148, 60, 'b', 'c', 0),
(1247, 148, 55, 'b', 'b', 1),
(1248, 148, 77, 'b', 'a', 0),
(1249, 148, 75, 'b', 'b', 1),
(1250, 148, 87, 'a', 'b', 0),
(1251, 148, 91, 'b', 'b', 1),
(1252, 148, 54, 'b', 'b', 1),
(1253, 148, 58, 'a', 'a', 1),
(1254, 148, 59, 'c', 'c', 1),
(1255, 148, 69, 'c', 'b', 0),
(1256, 148, 86, 'c', 'a', 0),
(1257, 148, 65, 'a', 'a', 1),
(1258, 148, 47, 'b', 'b', 1),
(1259, 148, 46, 'c', 'c', 1),
(1260, 148, 48, 'b', 'b', 1),
(1261, 148, 70, 'b', 'b', 1),
(1262, 148, 63, 'b', 'b', 1),
(1263, 148, 85, 'b', 'b', 1),
(1264, 148, 56, 'a', 'b', 0),
(1265, 148, 50, 'a', 'a', 1),
(1266, 148, 49, 'a', 'b', 0),
(1267, 148, 53, 'b', 'b', 1),
(1268, 148, 62, 'a', 'b', 0),
(1269, 149, 68, 'c', 'b', 0),
(1270, 149, 94, 'a', 'a', 1),
(1271, 149, 49, 'b', 'b', 1),
(1272, 149, 51, 'b', 'b', 1),
(1273, 149, 66, 'a', 'b', 0),
(1274, 149, 64, 'a', 'a', 1),
(1275, 149, 62, 'a', 'b', 0),
(1276, 149, 86, 'b', 'a', 0),
(1277, 149, 74, 'b', 'b', 1),
(1278, 149, 47, 'c', 'b', 0),
(1279, 149, 84, 'b', 'a', 0),
(1280, 149, 79, 'd', 'b', 0),
(1281, 149, 71, 'a', 'b', 0),
(1282, 149, 52, 'b', 'b', 1),
(1283, 149, 48, 'b', 'b', 1),
(1284, 149, 63, 'b', 'b', 1),
(1285, 149, 50, 'd', 'a', 0),
(1286, 149, 81, 'b', 'c', 0),
(1287, 149, 91, 'c', 'b', 0),
(1288, 149, 56, 'a', 'b', 0),
(1289, 149, 45, 'b', 'b', 1),
(1290, 149, 55, 'd', 'b', 0),
(1291, 149, 53, 'b', 'b', 1),
(1292, 149, 80, 'c', 'c', 1),
(1293, 149, 67, 'a', 'b', 0),
(1294, 150, 66, 'b', 'b', 1),
(1295, 150, 64, 'a', 'a', 1),
(1296, 150, 60, 'a', 'c', 0),
(1297, 150, 50, 'a', 'a', 1),
(1298, 150, 65, 'a', 'a', 1),
(1299, 150, 48, 'b', 'b', 1),
(1300, 150, 59, 'c', 'c', 1),
(1301, 150, 56, 'b', 'b', 1),
(1302, 150, 55, 'a', 'b', 0),
(1303, 150, 75, 'b', 'b', 1),
(1304, 150, 47, 'd', 'b', 0),
(1305, 150, 57, 'b', 'c', 0),
(1306, 150, 77, 'b', 'a', 0),
(1307, 150, 84, 'a', 'a', 1),
(1308, 150, 88, 'b', 'b', 1),
(1309, 150, 83, 'b', 'b', 1),
(1310, 150, 81, 'b', 'c', 0),
(1311, 150, 52, 'c', 'b', 0),
(1312, 150, 76, 'a', 'b', 0),
(1313, 150, 93, 'c', 'b', 0),
(1314, 150, 46, 'a', 'c', 0),
(1315, 150, 54, 'd', 'b', 0),
(1316, 150, 69, 'a', 'b', 0),
(1317, 150, 45, 'b', 'b', 1),
(1318, 150, 49, 'c', 'b', 0),
(1319, 151, 67, 'b', 'b', 1),
(1320, 151, 45, 'b', 'b', 1),
(1321, 151, 80, 'c', 'c', 1),
(1322, 151, 63, 'd', 'b', 0),
(1323, 151, 52, 'b', 'b', 1),
(1324, 151, 87, 'b', 'b', 1),
(1325, 151, 94, 'c', 'a', 0),
(1326, 151, 53, 'b', 'b', 1),
(1327, 151, 49, 'b', 'b', 1),
(1328, 151, 50, 'a', 'a', 1),
(1329, 151, 68, 'b', 'b', 1),
(1330, 151, 57, 'c', 'c', 1),
(1331, 151, 60, 'c', 'c', 1),
(1332, 151, 74, 'b', 'b', 1),
(1333, 151, 90, 'a', 'a', 1),
(1334, 151, 81, 'c', 'c', 1),
(1335, 151, 84, 'd', 'a', 0),
(1336, 151, 47, 'b', 'b', 1),
(1337, 151, 55, 'a', 'b', 0),
(1338, 151, 48, 'b', 'b', 1),
(1339, 151, 79, 'd', 'b', 0),
(1340, 151, 72, 'a', 'a', 1),
(1341, 151, 56, 'b', 'b', 1),
(1342, 151, 58, 'a', 'a', 1),
(1343, 151, 46, 'c', 'c', 1),
(1344, 152, 83, 'b', 'b', 1),
(1345, 152, 51, 'b', 'b', 1),
(1346, 152, 50, 'a', 'a', 1),
(1347, 152, 72, 'a', 'a', 1),
(1348, 152, 46, 'c', 'c', 1),
(1349, 152, 60, 'a', 'c', 0),
(1350, 152, 74, 'b', 'b', 1),
(1351, 152, 92, 'a', 'a', 1),
(1352, 152, 90, 'c', 'a', 0),
(1353, 152, 63, 'b', 'b', 1),
(1354, 152, 56, 'a', 'b', 0),
(1355, 152, 52, 'b', 'b', 1),
(1356, 152, 47, 'b', 'b', 1),
(1357, 152, 84, 'a', 'a', 1),
(1358, 152, 45, 'b', 'b', 1),
(1359, 152, 80, 'd', 'c', 0),
(1360, 152, 64, 'a', 'a', 1),
(1361, 152, 53, 'a', 'b', 0),
(1362, 152, 58, 'a', 'a', 1),
(1363, 152, 48, 'b', 'b', 1),
(1364, 152, 54, 'b', 'b', 1),
(1365, 152, 65, 'a', 'a', 1),
(1366, 152, 73, 'a', 'a', 1),
(1367, 152, 68, 'b', 'b', 1),
(1368, 152, 86, 'b', 'a', 0),
(1369, 153, 55, 'a', 'b', 0),
(1370, 153, 47, 'b', 'b', 1),
(1371, 153, 71, 'c', 'b', 0),
(1372, 153, 53, 'b', 'b', 1),
(1373, 153, 66, 'd', 'b', 0),
(1374, 153, 57, 'c', 'c', 1),
(1375, 153, 84, 'a', 'a', 1),
(1376, 153, 45, 'b', 'b', 1),
(1377, 153, 86, 'd', 'a', 0),
(1378, 153, 69, 'b', 'b', 1),
(1379, 153, 56, 'b', 'b', 1),
(1380, 153, 46, 'd', 'c', 0),
(1381, 153, 87, 'd', 'b', 0),
(1382, 153, 50, 'a', 'a', 1),
(1383, 153, 63, 'b', 'b', 1),
(1384, 153, 62, 'b', 'b', 1),
(1385, 153, 52, 'c', 'b', 0),
(1386, 153, 60, 'd', 'c', 0),
(1387, 153, 59, 'b', 'c', 0),
(1389, 153, 48, 'c', 'b', 0),
(1390, 153, 76, 'a', 'b', 0),
(1391, 153, 90, 'b', 'a', 0),
(1392, 153, 79, 'b', 'b', 1),
(1393, 153, 93, 'b', 'b', 1),
(1394, 154, 68, 'b', 'b', 1),
(1395, 154, 70, 'b', 'b', 1),
(1396, 154, 83, 'b', 'b', 1),
(1397, 154, 54, 'a', 'b', 0),
(1398, 154, 67, 'b', 'b', 1),
(1399, 154, 65, 'c', 'a', 0),
(1400, 154, 48, 'b', 'b', 1),
(1401, 154, 46, 'c', 'c', 1),
(1402, 154, 76, 'b', 'b', 1),
(1403, 154, 58, 'a', 'a', 1),
(1404, 154, 87, 'a', 'b', 0),
(1405, 154, 69, 'b', 'b', 1),
(1406, 154, 49, 'b', 'b', 1),
(1407, 154, 82, 'b', 'b', 1),
(1408, 154, 73, 'a', 'a', 1),
(1409, 154, 55, 'a', 'b', 0),
(1410, 154, 51, 'b', 'b', 1),
(1411, 154, 50, 'a', 'a', 1),
(1412, 154, 45, 'b', 'b', 1),
(1413, 154, 94, 'd', 'a', 0),
(1414, 154, 88, 'd', 'b', 0),
(1415, 154, 60, 'b', 'c', 0),
(1416, 154, 53, 'a', 'b', 0),
(1417, 154, 56, 'a', 'b', 0),
(1418, 154, 57, 'a', 'c', 0),
(1419, 155, 54, 'a', 'b', 0),
(1420, 155, 48, 'b', 'b', 1),
(1421, 155, 76, 'a', 'b', 0),
(1422, 155, 50, 'a', 'a', 1),
(1423, 155, 83, 'b', 'b', 1),
(1424, 155, 80, 'c', 'c', 1),
(1425, 155, 67, 'b', 'b', 1),
(1426, 155, 63, 'b', 'b', 1),
(1427, 155, 86, 'a', 'a', 1),
(1428, 155, 56, 'b', 'b', 1),
(1429, 155, 58, 'a', 'a', 1),
(1430, 155, 62, 'a', 'b', 0),
(1431, 155, 51, 'b', 'b', 1),
(1432, 155, 71, 'b', 'b', 1),
(1433, 155, 90, 'a', 'a', 1),
(1434, 155, 46, 'c', 'c', 1),
(1435, 155, 93, 'b', 'b', 1),
(1436, 155, 61, 'b', 'b', 1),
(1437, 155, 77, 'b', 'a', 0),
(1438, 155, 45, 'b', 'b', 1),
(1439, 155, 53, 'b', 'b', 1),
(1440, 155, 84, 'd', 'a', 0),
(1441, 155, 52, 'b', 'b', 1),
(1442, 155, 47, 'b', 'b', 1),
(1443, 155, 57, 'b', 'c', 0),
(1444, 156, 80, 'c', 'c', 1),
(1445, 156, 79, 'b', 'b', 1),
(1446, 156, 53, 'b', 'b', 1),
(1447, 156, 45, 'b', 'b', 1),
(1448, 156, 61, 'b', 'b', 1),
(1449, 156, 62, 'b', 'b', 1),
(1450, 156, 82, 'b', 'b', 1),
(1451, 156, 85, 'b', 'b', 1),
(1452, 156, 71, 'b', 'b', 1),
(1453, 156, 55, 'b', 'b', 1),
(1454, 156, 94, 'a', 'a', 1),
(1455, 156, 50, 'a', 'a', 1),
(1456, 156, 68, 'b', 'b', 1),
(1457, 156, 64, 'a', 'a', 1),
(1458, 156, 46, 'c', 'c', 1),
(1459, 156, 66, 'b', 'b', 1),
(1460, 156, 49, 'a', 'b', 0),
(1461, 156, 51, 'b', 'b', 1),
(1462, 156, 56, 'c', 'b', 0),
(1463, 156, 81, 'c', 'c', 1),
(1464, 156, 48, 'b', 'b', 1),
(1465, 156, 74, 'b', 'b', 1),
(1466, 156, 47, 'b', 'b', 1),
(1467, 156, 89, 'b', 'b', 1),
(1468, 156, 65, 'a', 'a', 1),
(1544, 153, 58, 'c', 'b', 1);

-- --------------------------------------------------------

--
-- Table structure for table `category_limits`
--

CREATE TABLE `category_limits` (
  `category_id` int(11) NOT NULL,
  `question_limit` int(11) NOT NULL
) ENGINE=InnoDB DEFAULT CHARSET=utf8mb4 COLLATE=utf8mb4_general_ci;

--
-- Dumping data for table `category_limits`
--

INSERT INTO `category_limits` (`category_id`, `question_limit`) VALUES
(1, 10),
(2, 6),
(3, 4),
(4, 3),
(5, 1),
(6, 1);

-- --------------------------------------------------------

--
-- Table structure for table `questions`
--

CREATE TABLE `questions` (
  `id` int(11) NOT NULL,
  `question` text NOT NULL,
  `option_a` varchar(255) NOT NULL,
  `option_b` varchar(255) NOT NULL,
  `option_c` varchar(255) NOT NULL,
  `option_d` varchar(255) NOT NULL,
  `correct_option` char(1) NOT NULL,
  `kategori` char(2) NOT NULL
) ENGINE=InnoDB DEFAULT CHARSET=utf8mb4 COLLATE=utf8mb4_general_ci;

--
-- Dumping data for table `questions`
--

INSERT INTO `questions` (`id`, `question`, `option_a`, `option_b`, `option_c`, `option_d`, `correct_option`, `kategori`) VALUES
(45, 'Apa yang dimaksud dengan analisis data?', 'Pengumpulan data secara acak', 'Proses pengumpulan, pengolahan, dan interpretasi data untuk mendapatkan informasi', 'Menyimpan data dalam format digital', 'Menghapus data yang salah', 'b', '1'),
(46, 'Apa fungsi utama dari analisis data?', 'Menyimpan data secara aman', 'Mengatur data yang berantakan', 'Membantu pengambilan keputusan berdasarkan informasi yang diolah', 'Menambah data baru', 'c', '1'),
(47, 'Apa itu data kuantitatif', 'Data dalam bentuk teks atau narasi', 'Data yang dinyatakan dalam angka atau statistik', 'Data yang diambil dari observasi langsung', 'Data yang hanya digunakan untuk penelitian sosial', 'b', '1'),
(48, 'Teknologi utama yang digunakan dalam komputer generasi pertama adalah', 'Transistor', 'Tabung vakum', 'IC (Integrated Circuit)', 'Mikropemrosesor', 'b', '1'),
(49, 'Apa perbedaan utama antara komputer generasi kedua dan ketiga?', 'Generasi kedua menggunakan IC, sedangkan generasi ketiga menggunakan tabung vakum', 'Generasi ketiga menggunakan IC, sedangkan generasi kedua menggunakan transistor', 'Generasi kedua lebih kecil daripada generasi ketiga', 'Generasi ketiga lebih lambat daripada generasi kedua', 'b', '1'),
(50, 'Apa yang dimaksud dengan data mining?', ' Proses pencarian pola dalam data yang besar', 'Proses pembersihan data', 'Penyimpanan data di cloud', 'Pembuatan data baru untuk analisis', 'a', '1'),
(51, 'Apa yang menjadi ciri khas komputer generasi kelima?', 'Menggunakan tabung vakum', 'Mendukung kecerdasan buatan', 'Menggunakan transistor', 'Berukuran besar dan lambat', 'b', '1'),
(52, 'Sebutkan alat yang digunakan untuk analisis data sederhana', 'CorelDRAW', 'Microsoft Excel', 'Adobe Premiere', ' Blender', 'b', '1'),
(53, 'Apa itu analisis diagnostik?', 'Teknik untuk memprediksi tren di masa depan', 'Proses untuk menentukan penyebab dari suatu masalah berdasarkan data', 'Metode pengelompokan data', 'Proses penyimpanan data dalam database', 'b', '1'),
(54, 'Sebutkan salah satu contoh analisis prediktif dalam kehidupan sehari-hari', 'Membuat laporan keuangan bulanan', 'Sistem rekomendasi pada aplikasi e-commerce', 'Menyimpan dokumen di cloud', 'Membuat desain grafis', 'b', '1'),
(55, 'Apa yang dimaksud dengan teknik analisis cluster?', 'Teknik untuk mengidentifikasi pola hubungan antara dua variabel', 'Teknik untuk mengelompokkan data berdasarkan kemiripan', 'Teknik untuk memvisualisasikan data dalam grafik', 'Teknik untuk menghapus data yang tidak relevan', 'b', '1'),
(56, 'Apa kelebihan dari analisis data eksplorasi?', '. Membantu menyederhanakan proses pengumpulan data', 'Mengidentifikasi pola atau informasi tersembunyi dalam data', 'Membuat kesimpulan akhir dari penelitian', 'Menghapus data yang tidak relevan', 'b', '1'),
(57, 'Mengapa analisis data penting dalam pengambilan keputusan?', 'Untuk menyimpan data secara aman', 'Untuk memvisualisasikan data tanpa analisis tambahan', 'Untuk menyediakan informasi yang relevan dan berbasis data', 'Untuk mengganti data yang rusak', 'c', '2'),
(58, 'Apa perbedaan utama antara data kuantitatif dan kualitatif?', 'Data kuantitatif berbentuk angka, sedangkan data kualitatif berbentuk narasi atau deskripsi', 'Data kualitatif selalu lebih akurat daripada data kuantitatif', 'Data kuantitatif berasal dari wawancara, sedangkan data kualitatif dari survei', 'Data kuantitatif tidak dapat dianalisis', 'a', '2'),
(59, 'Fungsi utama analisis deskriptif adalah:', 'Membuat prediksi masa depan', 'Mengidentifikasi penyebab masalah', 'Memberikan gambaran umum tentang data', 'Mencari solusi terbaik', 'c', '2'),
(60, 'Apa peran kecerdasan buatan dalam komputer generasi kelima?', 'Mempercepat pemrosesan data menggunakan tabung vakum', 'Meningkatkan efisiensi energi komputer', ' Memungkinkan pengembangan aplikasi berbasis jaringan neural', 'Mengganti perangkat keras menjadi lebih kecil', 'c', '2'),
(61, 'Apa peran informatika dalam pengelolaan data pemerintahan?', 'Menyimpan data penduduk secara manual', 'Membantu dalam pengolahan data berbasis digital', 'Menghapus dokumen lama secara otomatis', 'Menyusun laporan keuangan pemerintah', 'b', '2'),
(62, 'Mengapa analisis inferensial penting dalam statistik?', 'Untuk menyimpan data dalam format digital', 'Untuk menarik kesimpulan tentang populasi dari sampel', 'Untuk mencatat data historis', 'Untuk memvisualisasikan data', 'b', '2'),
(63, 'Jelaskan alasan penggunaan IC pada komputer generasi ketiga:', 'Karena lebih murah dibandingkan transistor', 'Karena dapat meningkatkan efisiensi, kecepatan, dan ukuran perangkat keras', 'Karena mudah diperbaiki jika rusak', ' Karena memerlukan lebih sedikit energi dibandingkan tabung vakum', 'b', '2'),
(64, 'Apa manfaat dari analisis data real-time?', ' Memberikan informasi langsung untuk pengambilan keputusan yang cepat', 'Membuat laporan akhir lebih cepat', 'Menambah data secara otomatis', 'Menghapus data yang tidak relevan', 'a', '2'),
(65, 'Bagaimana analisis deskriptif membantu dalam penelitian?', 'Dengan memvisualisasikan data dan memberikan gambaran umum yang jelas', 'Dengan memprediksi hasil penelitian di masa depan', 'Dengan menghapus data yang salah', 'Dengan mengelompokkan data ke dalam kategori', 'a', '2'),
(66, 'Mengapa komputer generasi keempat dianggap sebagai revolusi besar dalam teknologi?', 'Karena ukurannya lebih besar dari generasi sebelumnya', 'Karena menggunakan mikropemrosesor yang meningkatkan efisiensi dan portabilitas', 'Karena hanya digunakan untuk penelitian ilmiah', 'Karena dapat bekerja tanpa sistem operasi', 'b', '2'),
(67, 'Apa tujuan utama dari analisis data inferensial?', 'Menyimpan data dalam format tertentu', 'Menarik kesimpulan tentang populasi berdasarkan sampel', 'Menghapus data yang salah', 'Membuat prediksi tren masa depan', 'b', '2'),
(68, ' Mengapa komputer generasi kedua lebih efisien dibandingkan generasi pertama?', 'Karena menggunakan tabung vakum yang lebih kecil', 'Karena menggunakan transistor yang lebih hemat energi dan lebih cepat', 'Karena tidak membutuhkan perangkat keras tambahan', 'Karena dapat digunakan tanpa daya listrik', 'b', '2'),
(69, 'Teknik analisis cluster digunakan untuk:', 'Menghitung rata-rata data', 'Membagi data ke dalam kelompok berdasarkan karakteristik tertentu', 'Membuat grafik dari data', 'Mencari hubungan sebab-akibat dalam data', 'b', '3'),
(70, 'Software yang sering digunakan untuk membuat grafik data sederhana adalah:', 'Photoshop', 'Microsoft Excel', 'AutoCAD', ' Blender', 'b', '3'),
(71, 'Analisis prediktif sering digunakan untuk:', 'Menjelaskan data historis', 'Memprediksi tren masa depan', 'Membuat kelompok data tertentu', 'Menghapus data yang tidak relevan', 'b', '3'),
(72, 'Dalam bidang transportasi, sistem informatika membantu untuk:', 'Membuat rute lebih efisien dengan sistem navigasi digital', 'Mengurangi jumlah kendaraan di jalan', 'Mempercepat waktu tempuh perjalanan', 'Memperbaiki sistem kelistrikan ', 'a', '3'),
(73, 'Teknik regresi linear digunakan untuk:', 'Menentukan hubungan antara dua variabel atau lebih', 'Mengelompokkan data ke dalam kategori tertentu', 'Memvisualisasikan data dalam bentuk diagram batang', 'Menghapus anomali data', 'a', '3'),
(74, 'Dalam bidang kesehatan, analisis data dapat digunakan untuk:', 'Merancang alat kesehatan baru', 'Mendiagnosis penyakit berdasarkan riwayat pasien', 'Menambah jumlah tenaga medis', 'Meningkatkan anggaran rumah sakit', 'b', '3'),
(75, 'penggunaan analisis prediktif dalam konteks e-commerce. Analisis ini dapat membantu', 'Mengelola data penjualan', 'Merekomendasikan produk kepada pelanggan berdasarkan pola belanja', 'Menghapus data pelanggan lama', 'Menambahkan fitur pencarian pada website', 'b', '3'),
(76, 'Berikan contoh bagaimana analisis data dapat digunakan untuk perencanaan transportasi kota', 'Menghitung jumlah kendaraan yang diperlukan setiap bulan', 'Membuat sistem navigasi untuk mengoptimalkan rute perjalanan', 'Menambah jumlah bus di kota', 'Membuat laporan tahunan transportasi', 'b', '3'),
(77, 'Bagaimana penerapan data mining pada aplikasi musik?', 'Untuk merekomendasikan lagu berdasarkan preferensi pengguna', 'Untuk menyimpan lagu dalam format digital', 'Untuk menghapus lagu duplikat', 'Untuk membuat playlist secara manual', 'a', '3'),
(78, 'Dalam bidang pendidikan, teknologi informatika membantu', 'Membuat laporan keuangan sekolah', 'Menyediakan platform pembelajaran daring seperti e-learning', 'Menambah jumlah tenaga pengajar', 'Membuat desain logo sekolah', 'b', '3'),
(79, 'Dalam bidang keamanan siber, analisis data digunakan untuk', 'Menambah jumlah server', 'Mendeteksi ancaman keamanan dan pola serangan', 'Membuat laporan tahunan', 'Menyimpan dokumen penting', 'b', '3'),
(80, 'Analisis apa yang digunakan untuk menyelesaikan kasus berikut: Sebuah perusahaan ingin mengetahui rata-rata usia karyawan. Teknik apa yang harus digunakan', 'Analisis prediktif', 'Analisis diagnostik', 'Analisis deskriptif', 'Analisis cluster', 'c', '3'),
(81, 'Apa perbedaan utama antara analisis deskriptif dan prediktif?', 'Analisis deskriptif fokus pada tren masa depan, sedangkan prediktif menjelaskan data historis', 'Analisis deskriptif hanya untuk data numerik, sedangkan prediktif untuk data teks', 'Analisis deskriptif menjelaskan data saat ini, sedangkan prediktif memprediksi hasil di masa depan', 'Analisis deskriptif hanya digunakan untuk data besar', 'c', '4'),
(82, 'Mengapa analisis data eksplorasi penting dalam penelitian?', 'Untuk menyederhanakan proses pengumpulan data', 'Untuk mengidentifikasi pola atau anomali yang tidak terduga', 'Untuk membuat laporan akhir yang rapi', 'Untuk menambah jumlah data yang dianalisis', 'b', '4'),
(83, 'Apa kelebihan komputer generasi ketiga dibandingkan generasi kedua?', 'Menggunakan tabung vakum', 'Lebih kecil, lebih hemat energi, dan lebih cepat dengan penggunaan IC', 'Tidak membutuhkan sistem operasi', 'Hanya digunakan untuk keperluan militer', 'b', '4'),
(84, 'Analisis data real-time memberikan manfaat besar pada:', 'Prediksi cuaca secara langsung', 'Penyimpanan data dalam cloud', 'Membuat desain aplikasi', 'Menyusun laporan bulanan', 'a', '4'),
(85, 'Dalam hal apa analisis diagnostik paling bermanfaat?', 'Memprediksi hasil ujian', 'Mengidentifikasi akar penyebab masalah dalam data', 'Membuat grafik untuk presentasi', 'Menambah data baru dalam database', 'b', '4'),
(86, 'Bandingkan peran analisis diagnostik dan analisis prediktif dalam kasus manajemen proyek:', 'Diagnostik fokus pada identifikasi penyebab masalah, sedangkan prediktif fokus pada memperkirakan risiko di masa depan', 'Diagnostik fokus pada tren masa depan, sedangkan prediktif fokus pada pengelompokan data', 'Diagnostik fokus pada membuat grafik data, sedangkan prediktif fokus pada menghitung rata-rata', 'Diagnostik tidak berhubungan dengan analisis data, sedangkan prediktif adalah kunci utama', 'a', '4'),
(87, 'Dalam konteks informatika, apa yang menjadi tantangan utama penerapan data mining?', 'Kekurangan data untuk dianalisis', 'Masalah privasi dan keamanan data', 'Sulitnya menyimpan data dalam format digital', 'Tidak adanya teknologi pendukung', 'b', '4'),
(88, 'Apa kelebihan dan kekurangan analisis prediktif dalam bisnis?', 'Hanya memberikan gambaran masa lalu namun akurat', 'Memberikan prediksi masa depan namun tidak selalu akurat', 'Tidak dapat digunakan untuk data besar tapi efisien', 'Membutuhkan banyak waktu untuk proses manual namun akurat', 'b', '5'),
(89, 'Evaluasi efektivitas komputer generasi keempat dibandingkan generasi pertama:', 'Generasi keempat lebih besar dan lebih lambat', 'Generasi keempat lebih kecil, hemat energi, dan cepat', 'Generasi keempat menggunakan tabung vakum', 'Generasi keempat hanya digunakan untuk penelitian', 'b', '5'),
(90, 'Apa dampak dari analisis data pada pengelolaan keuangan perusahaan?', 'Membantu membuat keputusan berbasis data untuk meningkatkan keuntungan', 'Menyulitkan proses penyusunan laporan keuangan', 'Membuat data keuangan lebih komplek', 'Menghapus data keuangan lama', 'a', '5'),
(91, 'Evaluasi peran komputer generasi kelima dalam pengembangan teknologi:', 'Memberikan efisiensi yang lebih rendah dibandingkan generasi sebelumnya', 'Membuka peluang baru dalam kecerdasan buatan dan pemrosesan paralel', 'Membuat perangkat keras lebih besar dan lebih mahal', 'Menghapus peran manusia dalam teknologi', 'b', '5'),
(92, 'Rancang aplikasi berbasis informatika digunakan dalam bidang kesehatan untuk:', 'Meningkatkan efisiensi kerja di bidang kesehatan', 'Membuat manual kerja', 'Menambah jumlah tenaga medis', 'Memperbaiki infrastruktur rumah sakit', 'a', '6'),
(93, 'rancang proyek penjualan sederhana yang memanfaatkan data mining digunakan untuk:', 'Menambah data pelanggan', 'Menganalisis tren pembelian konsumen', 'Menghapus data yang tidak relevan', 'Menyusun laporan bulanan', 'b', '6'),
(94, 'Rancang strategi berbasis informatika untuk mengelola lalu lintas perkotaan digunakan untuk:', 'Menggunakan analisis data real-time untuk memonitor dan mengatur lalu lintas secara otomatis', 'Menghapus data kendaraan lama dari sistem', ' Menambahkan rambu-rambu jalan secara manual', 'Membuat laporan statistik tahunan tanpa analisis real-time', 'a', '6');

-- --------------------------------------------------------

--
-- Table structure for table `results`
--

CREATE TABLE `results` (
  `id` int(11) NOT NULL,
  `user_id` int(11) NOT NULL,
  `score` decimal(5,2) NOT NULL,
  `total_questions` int(11) NOT NULL,
  `correct_answers` int(11) NOT NULL,
  `created_at` datetime DEFAULT current_timestamp()
) ENGINE=InnoDB DEFAULT CHARSET=utf8mb4 COLLATE=utf8mb4_general_ci;

--
-- Dumping data for table `results`
--

INSERT INTO `results` (`id`, `user_id`, `score`, `total_questions`, `correct_answers`, `created_at`) VALUES
(1, 14, 16.67, 6, 1, '2024-11-23 16:59:43'),
(85, 27, 66.00, 6, 4, '2024-11-27 13:39:18'),
(86, 27, 100.00, 6, 6, '2024-11-27 14:02:12'),
(87, 27, 100.00, 7, 7, '2024-11-27 18:43:43'),
(88, 27, 57.00, 7, 4, '2024-11-27 18:52:02'),
(89, 27, 85.00, 7, 6, '2024-11-27 19:02:22'),
(92, 27, 85.00, 7, 6, '2024-11-27 20:49:23'),
(93, 27, 85.00, 7, 6, '2024-11-27 20:58:54'),
(94, 27, 100.00, 7, 7, '2024-11-27 21:02:53'),
(96, 27, 100.00, 7, 7, '2024-11-27 21:22:39'),
(97, 27, 100.00, 7, 7, '2024-11-30 05:34:52'),
(98, 49, 100.00, 7, 7, '2024-11-30 05:36:35'),
(100, 27, 100.00, 7, 7, '2024-11-30 16:26:03'),
(112, 70, 60.00, 25, 15, '2024-12-02 08:32:35'),
(113, 74, 44.00, 25, 11, '2024-12-02 08:33:34'),
(114, 67, 92.00, 25, 23, '2024-12-02 08:36:23'),
(115, 66, 76.00, 25, 19, '2024-12-02 08:37:07'),
(116, 57, 68.00, 25, 17, '2024-12-02 08:37:07'),
(117, 71, 52.00, 25, 13, '2024-12-02 08:37:30'),
(118, 72, 80.00, 25, 20, '2024-12-02 08:38:05'),
(119, 62, 88.00, 25, 22, '2024-12-02 08:40:05'),
(120, 69, 56.00, 25, 14, '2024-12-02 08:42:18'),
(121, 61, 80.00, 25, 20, '2024-12-02 08:44:16'),
(122, 60, 92.00, 25, 23, '2024-12-02 08:47:34'),
(123, 65, 76.00, 25, 19, '2024-12-02 08:47:40'),
(124, 63, 96.00, 25, 24, '2024-12-02 08:48:04'),
(125, 58, 96.00, 25, 24, '2024-12-02 08:49:47'),
(126, 59, 84.00, 25, 21, '2024-12-02 08:51:58'),
(129, 79, 72.00, 25, 18, '2024-12-02 09:07:46'),
(132, 107, 56.00, 25, 14, '2024-12-02 09:10:34'),
(134, 87, 36.00, 25, 9, '2024-12-02 09:11:21'),
(135, 96, 76.00, 25, 19, '2024-12-02 09:11:28'),
(137, 80, 64.00, 25, 16, '2024-12-02 09:11:50'),
(138, 83, 56.00, 25, 14, '2024-12-02 09:11:54'),
(139, 88, 64.00, 25, 16, '2024-12-02 09:11:58'),
(140, 89, 64.00, 25, 16, '2024-12-02 09:12:06'),
(141, 104, 36.00, 25, 9, '2024-12-02 09:12:09'),
(142, 94, 40.00, 25, 10, '2024-12-02 09:12:45'),
(144, 101, 68.00, 25, 17, '2024-12-02 09:13:22'),
(145, 102, 64.00, 25, 16, '2024-12-02 09:13:51'),
(146, 98, 44.00, 25, 11, '2024-12-02 09:14:26'),
(147, 86, 80.00, 25, 20, '2024-12-02 09:15:09'),
(148, 85, 68.00, 25, 17, '2024-12-02 09:15:45'),
(149, 82, 44.00, 25, 11, '2024-12-02 09:17:31'),
(150, 100, 48.00, 25, 12, '2024-12-02 09:18:01'),
(151, 78, 80.00, 25, 20, '2024-12-02 09:18:25'),
(152, 76, 76.00, 25, 19, '2024-12-02 09:18:53'),
(153, 99, 48.00, 25, 12, '2024-12-02 09:19:20'),
(154, 81, 60.00, 25, 15, '2024-12-02 09:19:46'),
(155, 84, 76.00, 25, 19, '2024-12-02 09:24:21'),
(156, 97, 92.00, 25, 23, '2024-12-02 09:25:05');

-- --------------------------------------------------------

--
-- Table structure for table `settings`
--

CREATE TABLE `settings` (
  `id` int(11) NOT NULL,
  `key` varchar(50) NOT NULL,
  `value` varchar(255) NOT NULL
) ENGINE=InnoDB DEFAULT CHARSET=utf8mb4 COLLATE=utf8mb4_general_ci;

--
-- Dumping data for table `settings`
--

INSERT INTO `settings` (`id`, `key`, `value`) VALUES
(1, 'timer', '7'),
(5, 'exam_duration', '60');

-- --------------------------------------------------------

--
-- Table structure for table `users`
--

CREATE TABLE `users` (
  `id` int(11) NOT NULL,
  `username` varchar(255) NOT NULL,
  `password` varchar(255) NOT NULL,
  `role` enum('admin','user') NOT NULL DEFAULT 'user',
  `created_at` datetime NOT NULL DEFAULT current_timestamp()
) ENGINE=InnoDB DEFAULT CHARSET=utf8mb4 COLLATE=utf8mb4_general_ci;

--
-- Dumping data for table `users`
--

INSERT INTO `users` (`id`, `username`, `password`, `role`, `created_at`) VALUES
(8, 'any', '$2y$10$a8z5ufIkGQ7AooduJDuhtOFPJjw8kZ1TNa8hyS.kVTEyLQshaW5eG', 'admin', '2024-11-20 18:22:45'),
(53, 'A', '$2y$10$ENWJt0TyGqEPmdd3VVsX9uWycY5EohwxNnO492xGxjiwRWNk7dccq', 'user', '2024-12-01 22:32:09'),
(54, 'shine', '$2y$10$e2XDkpQwAjbYNos3BKGwP.jwuOfzpIxneTtj..wzVjPoBUd3/NJCe', 'user', '2024-12-02 08:05:44'),
(55, 'rifkahafizhah3@gmail.com', '$2y$10$W/g8bsUVE35rZ1.wIYuGVOXU3MG4uvq8AELv07v.Hxc3wjPewcd7W', 'user', '2024-12-02 08:08:29'),
(56, 'Farel Fadilah Achmad', '$2y$10$ErlWmKfsyyxXzYeR8HuZOe8nDsHkyrs0nlV.zxoZrZgu9q/UhNSfe', 'user', '2024-12-02 08:09:19'),
(57, 'rizkianisalsabilla', '$2y$10$5.1Adqc68Pz/eBGr9Kgs1OJ5kxocaZsljqe28b9O6vnTBTLdAzkNe', 'user', '2024-12-02 08:09:41'),
(58, 'Muhammad Reno', '$2y$10$mco7GzXLavpHefMoQEisVOhyIaWbfu2n0BdqdJeWCTEX3NOUIOhDO', 'user', '2024-12-02 08:09:50'),
(59, 'dimasfauzi', '$2y$10$2OGM/62eZjVm/NXId8JZ0OBmLpom5/pM5deI8HpqZatAdsN/K66JO', 'user', '2024-12-02 08:10:02'),
(60, 'Raihan Bariq Azharia', '$2y$10$wVD6L9r8/4IKlL5ZjVk9POq2zUXse5m31avITCZ5W3GxcdcE61uwC', 'user', '2024-12-02 08:10:15'),
(61, 'sinan 321', '$2y$10$/4/4rC/nVLVXXO0QkpEbAuo6ZDgI0XJGmubEY5wEwv20cgXkKOk7i', 'user', '2024-12-02 08:10:15'),
(62, 'randy anggra prasega', '$2y$10$hYdMFDOxrnovJ.MHsm/KQOxHp7QDCy.lG0DdFEykDEk/g9s1QYX0u', 'user', '2024-12-02 08:10:23'),
(64, 'Rakha Aji', '$2y$10$XHgdezu1RwbCnb3T1GllxukexNy3hD461ykcqiSljTGxGeUhuaiRi', 'user', '2024-12-02 08:10:28'),
(65, 'satryo adi permana', '$2y$10$BscRDqkMa0GthyxBKLSJW..Gzcwqjlyei.UbNkK.ADSwbv9uQ5r.W', 'user', '2024-12-02 08:10:37'),
(66, 'Rifka Hafizhah', '$2y$10$4NzpnQ67Ey9taoSyfxA1EeJ2MEjBYZ.WFl995Q1K8f3FqnBZbyofa', 'user', '2024-12-02 08:10:41'),
(67, 'Shine Victor Yabesh Sinatria', '$2y$10$Z8yD9eDXHe2/h4kDcmfGtOyQmb.eOUN36jyicbpXOAXKotlPDIBHm', 'user', '2024-12-02 08:10:42'),
(68, 'Natasya shinta', '$2y$10$g.Jm4a.7H7oUoX6pv5VBWueGVo0KuW2uOPn05g5LhlIV/5dHTcKGq', 'user', '2024-12-02 08:10:46'),
(69, 'Silvia Anindya', '$2y$10$ltyRqE9D7fhqKb6HI8CVru2rTnnSW8FbXPolGOwcK8APID/mJLw..', 'user', '2024-12-02 08:11:18'),
(70, 'muhammad iqbal akbari', '$2y$10$oNe999FsGMk0iY9lCYlnXOk.qmzcNcFOIfZskeQVxur0KCtRrtvKG', 'user', '2024-12-02 08:11:29'),
(71, 'Rakha Aji P', '$2y$10$A1McaCbVvfzXCvG44eG7Iulj6ggZw.k4Om7o5D/lb/6g08m6oStBq', 'user', '2024-12-02 08:11:36'),
(72, 'rio jordan alliyan', '$2y$10$EczSGZ.FOjGVoOqTq3wvtOpYUBNnbawV7/yJ7Tub8xW1W2RPKh1ri', 'user', '2024-12-02 08:12:08'),
(73, 'sinan321', '$2y$10$X8U/W/lEuRRyWWuQLu3eWOwUIAhwvsibbjh0T6/sJp4XKXhJmgVmO', 'user', '2024-12-02 08:12:10'),
(74, 'Natasya shinta dewi', '$2y$10$RlNUc0l.enz/KiZcD2BXKOJsEkl3nzvoDIHRNGhJCKwnPfylCgDBO', 'user', '2024-12-02 08:12:19'),
(76, 'panji', '$2y$10$MgCOO8k9vl3biQ0wCE1E4ew.vY7Ropet.zcOkVpPxDQBVLjnMt5Ie', 'user', '2024-12-02 08:55:25'),
(77, 'WahyuHidayat', '$2y$10$iuUPPe56OjVFnqS9m/EubODTErfXlofjUrTAIYb2ZmLym/E8fy2Oe', 'user', '2024-12-02 08:55:44'),
(78, 'M AVANDER ALIF B', '$2y$10$H4rV1VB/KXv3ThZlhT5Aje8giHGDBNpwut.POoEW6cbCiSHUWwll.', 'user', '2024-12-02 08:55:46'),
(79, 'Rhadynka Almeryza Pierzy', '$2y$10$FqZCrvyHP5.GnGsmGhoIguXfOIEhfUneh4eiQpmG6mMrnuq0vLO9m', 'user', '2024-12-02 08:55:50'),
(80, 'shian natha', '$2y$10$cqwCzOhSDmL6KYY90JfRdeXfrweMZjWJT5OshU7zWMZsN7vTiK2j.', 'user', '2024-12-02 08:55:54'),
(81, 'Adi Putra', '$2y$10$3b9ofLILri9tcw23CvYm6.8Y4AE5hxTY4QXbI8hW8Vh.IO1DTBfFq', 'user', '2024-12-02 08:56:11'),
(82, 'Renofebrikurniawan', '$2y$10$MkulBiVSEuEtM7mBOFiSw.2E.EdW2iVRFNOF0/kx5dEqPPtHfnGA2', 'user', '2024-12-02 08:56:15'),
(83, 'Esalibiano', '$2y$10$7XOCIlc4TkNWJGbNMK/pAOA.6ELJGYjNfnS4gx/3eKyIJCiY9HaJq', 'user', '2024-12-02 08:56:20'),
(84, 'aqhilla amoura', '$2y$10$BNHGZsx.6kr5LDmVSwihRuxDt6y1ybFe8ZwjPn8olmbWDJjwiysNW', 'user', '2024-12-02 08:56:28'),
(85, 'Zarif nofangga', '$2y$10$HPRLUNmdesmKWJHECa6TruL04j.0MenYlgwDvUtQNBDyA8CBHX4Py', 'user', '2024-12-02 08:56:39'),
(86, 'Rifaldo Budi Wicaksono', '$2y$10$4RcryHJTvngnwyoZykhtxu3lEiYuwf6M4R4AjzZAYWgTFAKBHe7ya', 'user', '2024-12-02 08:56:40'),
(87, 'Habib Pratama Cipto Syaputra', '$2y$10$tqjO6ExIF85FmnPRNtKoruIwuXAKtWe9GckXUppKU3XUZeOwbcN2W', 'user', '2024-12-02 08:56:41'),
(88, 'Fino Gibran A', '$2y$10$AEAIaITqwbOTm7IjVvT.sOBhvkrTEOMyoIBZAXDEfF589ZxtgPcoy', 'user', '2024-12-02 08:56:44'),
(89, 'mnurfahry', '$2y$10$upcJzNPMLTT0oa0ZhNqFyug/MvH5vEolq9RanTghW9YN.rVIKklUC', 'user', '2024-12-02 08:56:51'),
(90, 'Daffa Nuridin', '$2y$10$5abatzNsFJD2lTbsL8PDyu5j7ut7Uh6S14fA3cFCyNlbhXeXHvFoq', 'user', '2024-12-02 08:57:14'),
(91, 'najwa angellia', '$2y$10$Sc.VaBQ43U8My6YsZoUO1OlrhdT18grUuKQqZ9qCs0Jcwb8Ee6E6G', 'user', '2024-12-02 08:57:29'),
(92, 'ARJUNA SILVA ARDIANSYAH', '$2y$10$mxXwHif2UwRKTyxwmgHWfus23e8YEKazgBAZWMSZCooP3INxa0mqW', 'user', '2024-12-02 08:57:34'),
(93, 'dzaky', '$2y$10$xD7GjM8AZGyChgD3TyYJTeuuFzZgq7F1XK4rR0odphbdqK4/iy3uS', 'user', '2024-12-02 08:57:41'),
(94, '@Daffa Nuridin', '$2y$10$Fnu.9KKvidI8YDqCe/orzOUOLpeBd/jLwykMjZwW.zjZKKG16hBwy', 'user', '2024-12-02 08:58:01'),
(95, 'ardelia nabila khairunnisa', '$2y$10$5RLA0iK4xLUAxedPIXTUK.Zf7FYJ7deYZbeMH7GKbrWbDew/QICRi', 'user', '2024-12-02 08:58:09'),
(96, 'Tegar Delusen', '$2y$10$CX.BVoohSaaaIqtHj6yjSe.YjaKBdmTrSE5mp9YT8qxtx3movnnBu', 'user', '2024-12-02 08:58:37'),
(97, 'ardelianabilakhairunnisa', '$2y$10$ZfhOYcnc64bvnDHVpIHrHeEJwarCx6SeIj4k1qWTz5jGQaChRX5xq', 'user', '2024-12-02 08:58:54'),
(98, 'najwa angellia assyfa', '$2y$10$Zce/LTgCnedpO.UZA7f5XOP3h56hcI5Bm1QzwnYm8lnVkhwODXYdO', 'user', '2024-12-02 08:59:28'),
(99, 'arjuna silva', '$2y$10$celqQNvdwVMXW7z7q1Qdp.77hU2zkjFuekkvvP52SXbhUb3dUCTqO', 'user', '2024-12-02 08:59:57'),
(100, 'Viandra Arthur Arifty', '$2y$10$JA9An.YUlCdYLgZ4.b1tN...JY/OfPwvkv1K4sbE/XHsrdkjMWN1i', 'user', '2024-12-02 09:00:09'),
(101, 'Bimo', '$2y$10$1UjC8nVPJixbAqny7ZLJb.cuM1TlH0.LHzzFNjtxZq7pBVttbBwC2', 'user', '2024-12-02 09:00:13'),
(102, 'Adam putra', '$2y$10$AQ/OmhEJlCsjl0NnYRr.YOe7wna5j4aQnhC46byWf.WrBFbGk/zSO', 'user', '2024-12-02 09:00:36'),
(103, 'rikyyy', '$2y$10$mE5CIvAHzQ5USeShc7ImS.SLeSFIbDoj8rb2tW2L.Ov5EkAu24mHS', 'user', '2024-12-02 09:01:23'),
(104, 'm riky', '$2y$10$IKSer2500M3D6Rvwt2UajOgrAr0eYcoVI2C3knPivdnuTKxC0dT9u', 'user', '2024-12-02 09:02:50'),
(107, 'Wahyu Hidayat', '$2y$10$P4uzS.2NmskQ6jTmBW594OaV8LDlHyPURGP9yVO8fEyHZX1ylOXPG', 'user', '2024-12-02 09:09:44'),
(109, 'Df', '$2y$10$VQjJ4fX0Mubh1oP6DkhReuvsNTFrNBp3U1pJIB6kfYgFYU0gtYQxi', 'admin', '2024-12-02 09:13:02'),
(110, 'Nungky', '$2y$10$SIHzUI31LMwZfxxqvMCn7urcqcFBZm54s.kLzD7IhuJzmUc1mDvx6', 'admin', '2024-12-02 10:29:04'),
(112, 'atta', '$2y$10$XJ/mgYY1eV7WbQciW0dm6eR4XC9eCZbiWP/sBGf7ly3BkKneP2eGa', 'admin', '2024-12-02 10:45:11');

--
-- Indexes for dumped tables
--

--
-- Indexes for table `answers`
--
ALTER TABLE `answers`
  ADD PRIMARY KEY (`id`),
  ADD KEY `result_id` (`result_id`),
  ADD KEY `question_id` (`question_id`);

--
-- Indexes for table `category_limits`
--
ALTER TABLE `category_limits`
  ADD PRIMARY KEY (`category_id`);

--
-- Indexes for table `questions`
--
ALTER TABLE `questions`
  ADD PRIMARY KEY (`id`);

--
-- Indexes for table `results`
--
ALTER TABLE `results`
  ADD PRIMARY KEY (`id`),
  ADD KEY `user_id` (`user_id`);

--
-- Indexes for table `settings`
--
ALTER TABLE `settings`
  ADD PRIMARY KEY (`id`),
  ADD UNIQUE KEY `key` (`key`);

--
-- Indexes for table `users`
--
ALTER TABLE `users`
  ADD PRIMARY KEY (`id`),
  ADD UNIQUE KEY `username` (`username`);

--
-- AUTO_INCREMENT for dumped tables
--

--
-- AUTO_INCREMENT for table `answers`
--
ALTER TABLE `answers`
  MODIFY `id` int(11) NOT NULL AUTO_INCREMENT, AUTO_INCREMENT=1545;

--
-- AUTO_INCREMENT for table `questions`
--
ALTER TABLE `questions`
  MODIFY `id` int(11) NOT NULL AUTO_INCREMENT, AUTO_INCREMENT=98;

--
-- AUTO_INCREMENT for table `results`
--
ALTER TABLE `results`
  MODIFY `id` int(11) NOT NULL AUTO_INCREMENT, AUTO_INCREMENT=160;

--
-- AUTO_INCREMENT for table `settings`
--
ALTER TABLE `settings`
  MODIFY `id` int(11) NOT NULL AUTO_INCREMENT, AUTO_INCREMENT=34;

--
-- AUTO_INCREMENT for table `users`
--
ALTER TABLE `users`
  MODIFY `id` int(11) NOT NULL AUTO_INCREMENT, AUTO_INCREMENT=115;

--
-- Constraints for dumped tables
--

--
-- Constraints for table `answers`
--
ALTER TABLE `answers`
  ADD CONSTRAINT `answers_ibfk_1` FOREIGN KEY (`result_id`) REFERENCES `results` (`id`) ON DELETE CASCADE,
  ADD CONSTRAINT `answers_ibfk_2` FOREIGN KEY (`question_id`) REFERENCES `questions` (`id`) ON DELETE CASCADE;
COMMIT;

/*!40101 SET CHARACTER_SET_CLIENT=@OLD_CHARACTER_SET_CLIENT */;
/*!40101 SET CHARACTER_SET_RESULTS=@OLD_CHARACTER_SET_RESULTS */;
/*!40101 SET COLLATION_CONNECTION=@OLD_COLLATION_CONNECTION */;
